"0","1","2","3","4","5","6","7","8","9","10","11","12","13","14","15","16","17","18","19","20","21","22","23","24","25","26","27","28","29","30","31","32","33","34","35","36","37","38","39","40","41","42","43","44","45","46","47","48","49","50","51","52","53","54","55","56","57","58","59","60","61","62","63","64","65","66","67","68","69","70","71","72","73","74","75","76","77","78","79","80","81"
1,0,0,0,0,0,0,0,0,0,0,0,0,0,0,0,0,0,0,0,0,0,0,0,0,0,0,0,0,0,0,0,0,0,0,0,0,0,0,0,0,0,0,0,0,0,0,0,0,0,0,0,0,0,0,0,0,0,0,0,0,0,0,0,0,0,0,0,0,0,0,0,0,0,0,0,0,0,0,0,0,0
0.5,0.5,0,0,0,0,0,0,0,0,0,0,0,0,0,0,0,0,0,0,0,0,0,0,0,0,0,0,0,0,0,0,0,0,0,0,0,0,0,0,0,0,0,0,0,0,0,0,0,0,0,0,0,0,0,0,0,0,0,0,0,0,0,0,0,0,0,0,0,0,0,0,0,0,0,0,0,0,0,0,0,0
0.3333333333333333,0.3333333333333333,0.3333333333333333,0,0,0,0,0,0,0,0,0,0,0,0,0,0,0,0,0,0,0,0,0,0,0,0,0,0,0,0,0,0,0,0,0,0,0,0,0,0,0,0,0,0,0,0,0,0,0,0,0,0,0,0,0,0,0,0,0,0,0,0,0,0,0,0,0,0,0,0,0,0,0,0,0,0,0,0,0,0,0
0.25,0.25,0.25,0.25,0,0,0,0,0,0,0,0,0,0,0,0,0,0,0,0,0,0,0,0,0,0,0,0,0,0,0,0,0,0,0,0,0,0,0,0,0,0,0,0,0,0,0,0,0,0,0,0,0,0,0,0,0,0,0,0,0,0,0,0,0,0,0,0,0,0,0,0,0,0,0,0,0,0,0,0,0,0
0.2,0.2,0.2,0.2,0.2,0,0,0,0,0,0,0,0,0,0,0,0,0,0,0,0,0,0,0,0,0,0,0,0,0,0,0,0,0,0,0,0,0,0,0,0,0,0,0,0,0,0,0,0,0,0,0,0,0,0,0,0,0,0,0,0,0,0,0,0,0,0,0,0,0,0,0,0,0,0,0,0,0,0,0,0,0
0.5,0.5,0,0,0,0,0,0,0,0,0,0,0,0,0,0,0,0,0,0,0,0,0,0,0,0,0,0,0,0,0,0,0,0,0,0,0,0,0,0,0,0,0,0,0,0,0,0,0,0,0,0,0,0,0,0,0,0,0,0,0,0,0,0,0,0,0,0,0,0,0,0,0,0,0,0,0,0,0,0,0,0
0.12,0.14,0.36,0.26,0.12,0,0,0,0,0,0,0,0,0,0,0,0,0,0,0,0,0,0,0,0,0,0,0,0,0,0,0,0,0,0,0,0,0,0,0,0,0,0,0,0,0,0,0,0,0,0,0,0,0,0,0,0,0,0,0,0,0,0,0,0,0,0,0,0,0,0,0,0,0,0,0,0,0,0,0,0,0
0.059782608695652176,0.06385869565217392,0.21739130434782608,0.22282608695652173,0.31657608695652173,0.11277173913043478,0.006793478260869565,0,0,0,0,0,0,0,0,0,0,0,0,0,0,0,0,0,0,0,0,0,0,0,0,0,0,0,0,0,0,0,0,0,0,0,0,0,0,0,0,0,0,0,0,0,0,0,0,0,0,0,0,0,0,0,0,0,0,0,0,0,0,0,0,0,0,0,0,0,0,0,0,0,0,0
0.07459207459207459,0.07059607059607059,0.18015318015318016,0.22244422244422243,0.23676323676323677,0.16083916083916083,0.05094905094905095,0.003663003663003663,0,0,0,0,0,0,0,0,0,0,0,0,0,0,0,0,0,0,0,0,0,0,0,0,0,0,0,0,0,0,0,0,0,0,0,0,0,0,0,0,0,0,0,0,0,0,0,0,0,0,0,0,0,0,0,0,0,0,0,0,0,0,0,0,0,0,0,0,0,0,0,0,0,0
0.06601352927455097,0.05178446466060182,0.19710753440634476,0.19104268719384185,0.20573827851644508,0.16235129461161651,0.09820387217168183,0.024725915558665733,0.0030324236062514577,0,0,0,0,0,0,0,0,0,0,0,0,0,0,0,0,0,0,0,0,0,0,0,0,0,0,0,0,0,0,0,0,0,0,0,0,0,0,0,0,0,0,0,0,0,0,0,0,0,0,0,0,0,0,0,0,0,0,0,0,0,0,0,0,0,0,0,0,0,0,0,0,0
0.06162984963801745,0.033228141822906995,0.12363096343048079,0.16836829404121031,0.16799702988676443,0.17523668089845926,0.15778726563950252,0.08316317059587897,0.027659179506218674,0.0012994245405606088,0,0,0,0,0,0,0,0,0,0,0,0,0,0,0,0,0,0,0,0,0,0,0,0,0,0,0,0,0,0,0,0,0,0,0,0,0,0,0,0,0,0,0,0,0,0,0,0,0,0,0,0,0,0,0,0,0,0,0,0,0,0,0,0,0,0,0,0,0,0,0,0
0.05414518048393495,0.02816342721142404,0.09163030543435145,0.10928203094010314,0.15430384767949226,0.15251884172947244,0.16739389131297105,0.13804046013486712,0.0811186037286791,0.022015073383577947,0.001190003966679889,1.9833399444664816e-4,0,0,0,0,0,0,0,0,0,0,0,0,0,0,0,0,0,0,0,0,0,0,0,0,0,0,0,0,0,0,0,0,0,0,0,0,0,0,0,0,0,0,0,0,0,0,0,0,0,0,0,0,0,0,0,0,0,0,0,0,0,0,0,0,0,0,0,0,0,0
0.055115961800818555,0.039836289222373804,0.06821282401091405,0.06766712141882673,0.1053206002728513,0.12742155525238744,0.14733969986357434,0.14979536152796727,0.13669849931787176,0.07803547066848568,0.023465211459754432,0.001091405184174625,0,0,0,0,0,0,0,0,0,0,0,0,0,0,0,0,0,0,0,0,0,0,0,0,0,0,0,0,0,0,0,0,0,0,0,0,0,0,0,0,0,0,0,0,0,0,0,0,0,0,0,0,0,0,0,0,0,0,0,0,0,0,0,0,0,0,0,0,0,0
0.0433046683046683,0.03224815724815725,0.07125307125307126,0.05958230958230958,0.08384520884520885,0.09213759213759214,0.12837837837837837,0.12100737100737101,0.1541769041769042,0.11916461916461916,0.07278869778869779,0.0214987714987715,6.142506142506142e-4,0,0,0,0,0,0,0,0,0,0,0,0,0,0,0,0,0,0,0,0,0,0,0,0,0,0,0,0,0,0,0,0,0,0,0,0,0,0,0,0,0,0,0,0,0,0,0,0,0,0,0,0,0,0,0,0,0,0,0,0,0,0,0,0,0,0,0,0,0
0.04510108864696734,0.019440124416796267,0.05443234836702955,0.05171073094867807,0.06259720062208399,0.0734836702954899,0.09914463452566097,0.12986003110419908,0.11625194401244168,0.1411353032659409,0.12363919129082426,0.057931570762052874,0.022161741835147745,0.003110419906687403,0,0,0,0,0,0,0,0,0,0,0,0,0,0,0,0,0,0,0,0,0,0,0,0,0,0,0,0,0,0,0,0,0,0,0,0,0,0,0,0,0,0,0,0,0,0,0,0,0,0,0,0,0,0,0,0,0,0,0,0,0,0,0,0,0,0,0,0
0.05024455313472655,0.018674966651845263,0.04090706980880391,0.044019564250778125,0.05113383726100489,0.04490884837705647,0.06447309915518008,0.06669630947087594,0.11560693641618497,0.12049799911071588,0.16007114273010226,0.12939084037349932,0.07114273010226767,0.0213428190306803,8.892841262783459e-4,0,0,0,0,0,0,0,0,0,0,0,0,0,0,0,0,0,0,0,0,0,0,0,0,0,0,0,0,0,0,0,0,0,0,0,0,0,0,0,0,0,0,0,0,0,0,0,0,0,0,0,0,0,0,0,0,0,0,0,0,0,0,0,0,0,0,0
0.057908847184986595,0.019839142091152815,0.035924932975871314,0.024128686327077747,0.03967828418230563,0.03806970509383378,0.0353887399463807,0.04504021447721179,0.08203753351206435,0.1319034852546917,0.12064343163538874,0.14584450402144772,0.1319034852546917,0.06916890080428954,0.02091152815013405,0.0016085790884718498,0,0,0,0,0,0,0,0,0,0,0,0,0,0,0,0,0,0,0,0,0,0,0,0,0,0,0,0,0,0,0,0,0,0,0,0,0,0,0,0,0,0,0,0,0,0,0,0,0,0,0,0,0,0,0,0,0,0,0,0,0,0,0,0,0,0
0.07969348659003832,0.021455938697318006,0.021455938697318006,0.017624521072796936,0.022988505747126436,0.03218390804597701,0.029885057471264367,0.04367816091954023,0.05440613026819923,0.07662835249042145,0.10727969348659004,0.12030651340996168,0.14329501915708812,0.1111111111111111,0.08888888888888889,0.022988505747126436,0.006130268199233717,0,0,0,0,0,0,0,0,0,0,0,0,0,0,0,0,0,0,0,0,0,0,0,0,0,0,0,0,0,0,0,0,0,0,0,0,0,0,0,0,0,0,0,0,0,0,0,0,0,0,0,0,0,0,0,0,0,0,0,0,0,0,0,0,0
0.06766325727773406,0.040912667191188044,0.024390243902439025,0.02832415420928403,0.014162077104642014,0.025963808025177025,0.022816679779701022,0.01966955153422502,0.03540519276160504,0.05507474429583006,0.06923682140047208,0.11723052714398112,0.12588512981904013,0.14948859166011014,0.11880409126671912,0.05664830841856806,0.025177025963808025,0.0023603461841070024,7.867820613690008e-4,0,0,0,0,0,0,0,0,0,0,0,0,0,0,0,0,0,0,0,0,0,0,0,0,0,0,0,0,0,0,0,0,0,0,0,0,0,0,0,0,0,0,0,0,0,0,0,0,0,0,0,0,0,0,0,0,0,0,0,0,0,0,0
0.045283018867924525,0.024150943396226414,0.05886792452830188,0.03245283018867925,0.013584905660377358,0.019622641509433963,0.025660377358490565,0.022641509433962263,0.017358490566037735,0.033962264150943396,0.03169811320754717,0.08377358490566038,0.10566037735849057,0.11547169811320755,0.13132075471698113,0.13811320754716983,0.07245283018867925,0.026415094339622643,0.0015094339622641509,0,0,0,0,0,0,0,0,0,0,0,0,0,0,0,0,0,0,0,0,0,0,0,0,0,0,0,0,0,0,0,0,0,0,0,0,0,0,0,0,0,0,0,0,0,0,0,0,0,0,0,0,0,0,0,0,0,0,0,0,0,0,0
0.05646481178396072,0.02536824877250409,0.03764320785597381,0.02536824877250409,0.018821603927986905,0.015548281505728314,0.014729950900163666,0.013911620294599018,0.024549918166939442,0.031096563011456628,0.031096563011456628,0.03436988543371522,0.057283142389525366,0.08592471358428805,0.13747954173486088,0.14729950900163666,0.12356792144026187,0.08592471358428805,0.029459901800327332,0.004091653027823241,0,0,0,0,0,0,0,0,0,0,0,0,0,0,0,0,0,0,0,0,0,0,0,0,0,0,0,0,0,0,0,0,0,0,0,0,0,0,0,0,0,0,0,0,0,0,0,0,0,0,0,0,0,0,0,0,0,0,0,0,0,0
0.07167530224525043,0.023316062176165803,0.04922279792746114,0.02849740932642487,0.025043177892918825,0.015544041450777202,0.01468048359240069,0.019861830742659757,0.01468048359240069,0.012089810017271158,0.02849740932642487,0.03281519861830743,0.03454231433506045,0.05094991364421416,0.09067357512953368,0.11139896373056994,0.14507772020725387,0.12176165803108809,0.08721934369602763,0.018998272884283247,0.0034542314335060447,0,0,0,0,0,0,0,0,0,0,0,0,0,0,0,0,0,0,0,0,0,0,0,0,0,0,0,0,0,0,0,0,0,0,0,0,0,0,0,0,0,0,0,0,0,0,0,0,0,0,0,0,0,0,0,0,0,0,0,0,0
0.0617678381256656,0.051118210862619806,0.055378061767838126,0.03407880724174654,0.03727369542066028,0.027689030883919063,0.010649627263045794,0.01597444089456869,0.011714589989350373,0.011714589989350373,0.01810436634717785,0.01703940362087327,0.025559105431309903,0.024494142705005325,0.03514376996805112,0.07987220447284345,0.11288604898828541,0.12673056443024494,0.13525026624068157,0.08093716719914804,0.024494142705005325,0.002129925452609159,0,0,0,0,0,0,0,0,0,0,0,0,0,0,0,0,0,0,0,0,0,0,0,0,0,0,0,0,0,0,0,0,0,0,0,0,0,0,0,0,0,0,0,0,0,0,0,0,0,0,0,0,0,0,0,0,0,0,0,0
0.08379888268156424,0.0297951582867784,0.04189944134078212,0.04189944134078212,0.024208566108007448,0.01675977653631285,0.03445065176908752,0.015828677839851025,0.01675977653631285,0.0148975791433892,0.0148975791433892,0.0223463687150838,0.025139664804469275,0.021415270018621976,0.04189944134078212,0.05027932960893855,0.0782122905027933,0.12383612662942271,0.10521415270018622,0.11080074487895716,0.0595903165735568,0.025139664804469275,9.31098696461825e-4,0,0,0,0,0,0,0,0,0,0,0,0,0,0,0,0,0,0,0,0,0,0,0,0,0,0,0,0,0,0,0,0,0,0,0,0,0,0,0,0,0,0,0,0,0,0,0,0,0,0,0,0,0,0,0,0,0,0,0
0.06040992448759439,0.02696871628910464,0.045307443365695796,0.02481121898597627,0.020496224379719527,0.018338727076591153,0.030204962243797196,0.020496224379719527,0.007551240560949299,0.003236245954692557,0.007551240560949299,0.004314994606256742,0.020496224379719527,0.018338727076591153,0.02912621359223301,0.04962243797195254,0.061488673139158574,0.08629989212513485,0.09924487594390508,0.12297734627831715,0.13052858683926646,0.08306364617044229,0.02481121898597627,0.002157497303128371,0.002157497303128371,0,0,0,0,0,0,0,0,0,0,0,0,0,0,0,0,0,0,0,0,0,0,0,0,0,0,0,0,0,0,0,0,0,0,0,0,0,0,0,0,0,0,0,0,0,0,0,0,0,0,0,0,0,0,0,0,0
0.05755395683453238,0.019527235354573486,0.05344295991778006,0.03391572456320658,0.025693730729701953,0.02672147995889003,0.020554984583761562,0.008221993833504625,0.020554984583761562,0.010277492291880781,0.0020554984583761563,0.010277492291880781,0.020554984583761562,0.018499486125385406,0.014388489208633094,0.0328879753340185,0.040082219938335044,0.044193216855087356,0.07913669064748201,0.09763617677286741,0.12538540596094552,0.12024665981500514,0.09044193216855087,0.025693730729701953,0.0020554984583761563,0,0,0,0,0,0,0,0,0,0,0,0,0,0,0,0,0,0,0,0,0,0,0,0,0,0,0,0,0,0,0,0,0,0,0,0,0,0,0,0,0,0,0,0,0,0,0,0,0,0,0,0,0,0,0,0,0
0.04608294930875576,0.029953917050691243,0.02534562211981567,0.027649769585253458,0.038018433179723504,0.018433179723502304,0.027649769585253458,0.03110599078341014,0.01152073732718894,0.009216589861751152,0.009216589861751152,0.004608294930875576,0.00576036866359447,0.0034562211981566822,0.01152073732718894,0.027649769585253458,0.021889400921658985,0.021889400921658985,0.04723502304147465,0.0967741935483871,0.11290322580645161,0.16129032258064516,0.10483870967741936,0.07373271889400922,0.03110599078341014,0.001152073732718894,0,0,0,0,0,0,0,0,0,0,0,0,0,0,0,0,0,0,0,0,0,0,0,0,0,0,0,0,0,0,0,0,0,0,0,0,0,0,0,0,0,0,0,0,0,0,0,0,0,0,0,0,0,0,0,0
0.07462686567164178,0.031207598371777476,0.032564450474898234,0.029850746268656716,0.036635006784260515,0.028493894165535955,0.04341926729986431,0.016282225237449117,0.016282225237449117,0.012211668928086838,0.014925373134328358,0.0013568521031207597,0.008141112618724558,0.010854816824966078,0.0013568521031207597,0.017639077340569877,0.025780189959294438,0.018995929443690638,0.025780189959294438,0.051560379918588875,0.07327001356852103,0.07598371777476255,0.1546811397557666,0.08005427408412483,0.08683853459972862,0.029850746268656716,0.0013568521031207597,0,0,0,0,0,0,0,0,0,0,0,0,0,0,0,0,0,0,0,0,0,0,0,0,0,0,0,0,0,0,0,0,0,0,0,0,0,0,0,0,0,0,0,0,0,0,0,0,0,0,0,0,0,0,0
0.09330143540669857,0.029904306220095694,0.041866028708133975,0.02631578947368421,0.03588516746411483,0.03229665071770335,0.03229665071770335,0.02033492822966507,0.01674641148325359,0.023923444976076555,0.009569377990430622,0,0.01076555023923445,0.004784688995215311,0.0011961722488038277,0.008373205741626795,0.007177033492822967,0.01674641148325359,0.01674641148325359,0.029904306220095694,0.08253588516746412,0.08133971291866028,0.09688995215311005,0.10406698564593302,0.0861244019138756,0.07535885167464115,0.014354066985645933,0.0011961722488038277,0,0,0,0,0,0,0,0,0,0,0,0,0,0,0,0,0,0,0,0,0,0,0,0,0,0,0,0,0,0,0,0,0,0,0,0,0,0,0,0,0,0,0,0,0,0,0,0,0,0,0,0,0,0
0.17551462621885158,0.03683640303358613,0.0314192849404117,0.035752979414951244,0.02600216684723727,0.02275189599133261,0.02925243770314193,0.01950162513542795,0.018418201516793065,0.015167930660888408,0.0065005417118093175,0.0032502708559046588,0.00866738894907909,0.0065005417118093175,0.004333694474539545,0.004333694474539545,0.007583965330444204,0.01733477789815818,0.01733477789815818,0.011917659804983749,0.030335861321776816,0.044420368364030335,0.08234019501625135,0.09209100758396534,0.10834236186348863,0.09317443120260022,0.0390032502708559,0.011917659804983749,0,0,0,0,0,0,0,0,0,0,0,0,0,0,0,0,0,0,0,0,0,0,0,0,0,0,0,0,0,0,0,0,0,0,0,0,0,0,0,0,0,0,0,0,0,0,0,0,0,0,0,0,0,0
0.3177664974619289,0.03350253807106599,0.04060913705583756,0.025380710659898477,0.018274111675126905,0.015228426395939087,0.012182741116751269,0.01015228426395939,0.019289340101522844,0.01116751269035533,0.005076142131979695,0.012182741116751269,0.005076142131979695,0.008121827411167513,0.008121827411167513,0.005076142131979695,0.007106598984771574,0.005076142131979695,0.01116751269035533,0.014213197969543147,0.02233502538071066,0.02030456852791878,0.03248730964467005,0.049746192893401014,0.06395939086294417,0.09340101522842639,0.06802030456852792,0.04568527918781726,0.016243654822335026,0.0010152284263959391,0.0020304568527918783,0,0,0,0,0,0,0,0,0,0,0,0,0,0,0,0,0,0,0,0,0,0,0,0,0,0,0,0,0,0,0,0,0,0,0,0,0,0,0,0,0,0,0,0,0,0,0,0,0,0,0
0.23782771535580524,0.03464419475655431,0.056179775280898875,0.03838951310861423,0.02153558052434457,0.03089887640449438,0.019662921348314606,0.012172284644194757,0.011235955056179775,0.0056179775280898875,0.015917602996254682,0.012172284644194757,0.003745318352059925,0.014044943820224719,0.008426966292134831,0.003745318352059925,9.363295880149813e-4,0.0056179775280898875,0.0018726591760299626,0.011235955056179775,0.0149812734082397,0.013108614232209739,0.018726591760299626,0.03464419475655431,0.08239700374531835,0.07958801498127341,0.06835205992509363,0.06647940074906367,0.05149812734082397,0.023408239700374533,9.363295880149813e-4,0,0,0,0,0,0,0,0,0,0,0,0,0,0,0,0,0,0,0,0,0,0,0,0,0,0,0,0,0,0,0,0,0,0,0,0,0,0,0,0,0,0,0,0,0,0,0,0,0,0,0
0.1555977229601518,0.06546489563567362,0.1015180265654649,0.06451612903225806,0.03700189753320683,0.024667931688804556,0.014231499051233396,0.006641366223908918,0.014231499051233396,0.012333965844402278,0.0028462998102466793,0.013282732447817837,0.0056925996204933585,0.010436432637571158,0.013282732447817837,0.013282732447817837,0.0018975332068311196,0.003795066413662239,0.006641366223908918,0.008538899430740038,0.004743833017077799,0.013282732447817837,0.018975332068311195,0.015180265654648957,0.03889943074003795,0.04459203036053131,0.051233396584440226,0.06546489563567362,0.09487666034155598,0.061669829222011384,0.014231499051233396,9.487666034155598e-4,0,0,0,0,0,0,0,0,0,0,0,0,0,0,0,0,0,0,0,0,0,0,0,0,0,0,0,0,0,0,0,0,0,0,0,0,0,0,0,0,0,0,0,0,0,0,0,0,0,0
0.13254203758654798,0.04846686449060336,0.09396636993076163,0.0791295746785361,0.051434223541048464,0.028684470820969338,0.028684470820969338,0.008902077151335312,0.016815034619188922,0.009891196834817012,0.003956478733926805,0.011869436201780416,0.003956478733926805,0.00791295746785361,0.012858555885262116,0.009891196834817012,0.010880316518298714,0.006923837784371909,0.005934718100890208,0.008902077151335312,0.009891196834817012,0.00791295746785361,0.013847675568743818,0.019782393669634024,0.016815034619188922,0.043521266073194856,0.040553907022749754,0.04253214638971316,0.08803165182987141,0.058358061325420374,0.06231454005934718,0.011869436201780416,0.002967359050445104,0,0,0,0,0,0,0,0,0,0,0,0,0,0,0,0,0,0,0,0,0,0,0,0,0,0,0,0,0,0,0,0,0,0,0,0,0,0,0,0,0,0,0,0,0,0,0,0,0
0.18171926006528835,0.07290533188248095,0.09466811751904244,0.06855277475516866,0.042437431991294884,0.04787812840043525,0.017410228509249184,0.017410228509249184,0.015233949945593036,0.00544069640914037,0.001088139281828074,0.008705114254624592,0.013057671381936888,0.011969532100108813,0.004352557127312296,0.006528835690968444,0.006528835690968444,0.014145810663764961,0.002176278563656148,0,0.004352557127312296,0.004352557127312296,0.006528835690968444,0.01632208922742111,0.013057671381936888,0.022850924918389554,0.008705114254624592,0.020674646354733407,0.04461371055495103,0.07725788900979326,0.07616974972796518,0.051142546245919476,0.018498367791077257,0.003264417845484222,0,0,0,0,0,0,0,0,0,0,0,0,0,0,0,0,0,0,0,0,0,0,0,0,0,0,0,0,0,0,0,0,0,0,0,0,0,0,0,0,0,0,0,0,0,0,0,0
0.16782608695652174,0.06869565217391305,0.09391304347826086,0.07478260869565218,0.05391304347826087,0.043478260869565216,0.035652173913043476,0.01391304347826087,0.01565217391304348,0.00608695652173913,0.013043478260869565,0.006956521739130435,0.004347826086956522,0.006956521739130435,0.00782608695652174,0.006956521739130435,0.009565217391304347,0.0052173913043478265,0.004347826086956522,0.0026086956521739132,0.0017391304347826088,8.695652173913044e-4,0.006956521739130435,0.01217391304347826,0.013043478260869565,0.0034782608695652175,0.00608695652173913,0.006956521739130435,0.02608695652173913,0.06782608695652174,0.07130434782608695,0.06347826086956522,0.06173913043478261,0.01652173913043478,0,0,0,0,0,0,0,0,0,0,0,0,0,0,0,0,0,0,0,0,0,0,0,0,0,0,0,0,0,0,0,0,0,0,0,0,0,0,0,0,0,0,0,0,0,0,0,0
0.27230411171450736,0.07059736229635376,0.08223429014740109,0.07990690457719161,0.05896043444530644,0.041117145073700546,0.026377036462373934,0.021722265321955005,0.015515903801396431,0.009309542280837859,0.0069821567106283944,0.010861132660977503,0.0023273855702094647,0.0023273855702094647,0.013964313421256789,0.004654771140418929,0.01008533747090768,0.0062063615205585725,0.003878975950349108,0.0015515903801396431,0.004654771140418929,0.0031031807602792862,0.0031031807602792862,0.008533747090768037,0.008533747090768037,0.008533747090768037,0,0.0023273855702094647,0.0023273855702094647,0.017843289371605897,0.045771916214119475,0.051978277734678044,0.05508145849495733,0.035686578743211794,0.01008533747090768,0.0015515903801396431,0,0,0,0,0,0,0,0,0,0,0,0,0,0,0,0,0,0,0,0,0,0,0,0,0,0,0,0,0,0,0,0,0,0,0,0,0,0,0,0,0,0,0,0,0,0
0.25130548302872063,0.07049608355091384,0.11422976501305483,0.06201044386422976,0.06592689295039164,0.04046997389033943,0.034595300261096605,0.016971279373368148,0.01370757180156658,0.012402088772845953,0.007832898172323759,0.012402088772845953,0.007832898172323759,0.006527415143603133,0.007180156657963447,0.013054830287206266,0.0026109660574412533,0.005221932114882507,0.011096605744125326,0.00587467362924282,0.007832898172323759,0.0032637075718015664,0.0026109660574412533,0.0026109660574412533,0.0026109660574412533,0.00587467362924282,0.0013054830287206266,0.0019582245430809398,0,0.0039164490861618795,0.018929503916449087,0.04046997389033943,0.03720626631853786,0.047650130548302874,0.03981723237597911,0.022193211488250653,0,0,0,0,0,0,0,0,0,0,0,0,0,0,0,0,0,0,0,0,0,0,0,0,0,0,0,0,0,0,0,0,0,0,0,0,0,0,0,0,0,0,0,0,0,0
0.23413897280966767,0.1148036253776435,0.14954682779456194,0.07854984894259819,0.04909365558912387,0.03323262839879154,0.015105740181268883,0.028700906344410877,0.017371601208459216,0.013595166163141994,0.0037764350453172208,0.010574018126888218,0.012084592145015106,0.006797583081570997,0.0030211480362537764,0.0037764350453172208,0.006042296072507553,0.005287009063444109,0.0015105740181268882,0.004531722054380665,0.0022658610271903325,0.0030211480362537764,0.0022658610271903325,0.0030211480362537764,0.0075528700906344415,0.0037764350453172208,0,7.552870090634441e-4,7.552870090634441e-4,0.0015105740181268882,7.552870090634441e-4,0.01283987915407855,0.0324773413897281,0.052870090634441085,0.04305135951661632,0.028700906344410877,0.012084592145015106,7.552870090634441e-4,0,0,0,0,0,0,0,0,0,0,0,0,0,0,0,0,0,0,0,0,0,0,0,0,0,0,0,0,0,0,0,0,0,0,0,0,0,0,0,0,0,0,0,0
0.19636547198384655,0.09086320040383644,0.1574962140333165,0.12821807168096921,0.07269056032306916,0.05603230691569914,0.028268551236749116,0.027258960121150935,0.01867743563856638,0.012619888944977285,0.007067137809187279,0.008581524482584554,0.007067137809187279,0.005552751135790005,0.004038364462392731,0.008076728924785462,0.0020191822311963654,0.003028773346794548,0.004543160020191822,0.0035335689045936395,0.005552751135790005,0.004038364462392731,0.0035335689045936395,0.001514386673397274,0.0035335689045936395,0.0010095911155981827,0,0.0020191822311963654,0.0010095911155981827,0.001514386673397274,0.0020191822311963654,0.001514386673397274,0.015648662291771833,0.028268551236749116,0.03028773346794548,0.02574457344775366,0.02271580010095911,0.00757193336698637,5.047955577990914e-4,0,0,0,0,0,0,0,0,0,0,0,0,0,0,0,0,0,0,0,0,0,0,0,0,0,0,0,0,0,0,0,0,0,0,0,0,0,0,0,0,0,0,0
0.1587701612903226,0.10685483870967742,0.16028225806451613,0.14012096774193547,0.14012096774193547,0.05594758064516129,0.03578629032258065,0.025201612903225805,0.015625,0.015120967741935484,0.011592741935483871,0.011088709677419355,0.010080645161290322,0.008064516129032258,0.005040322580645161,0.0030241935483870967,0.006048387096774193,0.0030241935483870967,0.005040322580645161,0.004032258064516129,0.0025201612903225806,0.0015120967741935483,0.005544354838709678,0.0025201612903225806,0.0020161290322580645,5.040322580645161e-4,5.040322580645161e-4,0,0,0.0010080645161290322,0,5.040322580645161e-4,0.0015120967741935483,0.004032258064516129,0.014112903225806451,0.013608870967741936,0.015625,0.011592741935483871,0.0020161290322580645,0,0,0,0,0,0,0,0,0,0,0,0,0,0,0,0,0,0,0,0,0,0,0,0,0,0,0,0,0,0,0,0,0,0,0,0,0,0,0,0,0,0,0
0.14067127344521224,0.08884501480750247,0.13919052319842054,0.14116485686080948,0.11697926949654491,0.08884501480750247,0.06268509378084897,0.038005923000987166,0.026159921026653505,0.012339585389930898,0.008884501480750246,0.008884501480750246,0.013820335636722606,0.008884501480750246,0.006910167818361303,0.005923000987166831,0.0029615004935834156,0.0029615004935834156,0.005429417571569595,0.004442250740375123,0.004442250740375123,0.004442250740375123,0.005429417571569595,0.004935834155972359,0.003948667324777887,0.0014807502467917078,0,0,0,0,4.935834155972359e-4,0,4.935834155972359e-4,0.0019743336623889436,0.0024679170779861796,0.004935834155972359,0.01085883514313919,0.01579466929911155,0.009871668311944718,0.004442250740375123,0,0,0,0,0,0,0,0,0,0,0,0,0,0,0,0,0,0,0,0,0,0,0,0,0,0,0,0,0,0,0,0,0,0,0,0,0,0,0,0,0,0
0.15074626865671642,0.0880597014925373,0.11791044776119403,0.10597014925373134,0.09203980099502487,0.08656716417910448,0.05721393034825871,0.03482587064676617,0.017412935323383085,0.014925373134328358,0.011442786069651741,0.008955223880597015,0.011940298507462687,0.011442786069651741,0.006965174129353234,0.007462686567164179,0.005970149253731343,0.003980099502487562,0.0024875621890547263,0.003980099502487562,0.004975124378109453,0.001990049751243781,0.0029850746268656717,0.003980099502487562,0.0024875621890547263,4.975124378109452e-4,0,0,0,0,0,9.950248756218905e-4,0,4.975124378109452e-4,0.0029850746268656717,0.013432835820895522,0.023383084577114428,0.030845771144278607,0.044278606965174126,0.021393034825870648,0.003980099502487562,9.950248756218905e-4,0,0,0,0,0,0,0,0,0,0,0,0,0,0,0,0,0,0,0,0,0,0,0,0,0,0,0,0,0,0,0,0,0,0,0,0,0,0,0,0
0.15794481446241673,0.07183634633682208,0.0922930542340628,0.11084681255946717,0.11893434823977164,0.08705994291151284,0.08372978116079924,0.04900095147478592,0.028068506184586107,0.025689819219790674,0.012844909609895337,0.017126546146527116,0.006184586108468126,0.009990485252140819,0.006660323501427212,0.011417697431018078,0.003805899143672693,0.007136060894386299,0.002378686964795433,0.0028544243577545195,0.003330161750713606,0.006184586108468126,0.006184586108468126,0.003330161750713606,0.004757373929590866,0.002378686964795433,0,0,0,0,9.514747859181732e-4,0,4.757373929590866e-4,4.757373929590866e-4,9.514747859181732e-4,4.757373929590866e-4,0.004281636536631779,0.011417697431018078,0.019029495718363463,0.017602283539486202,0.008563273073263558,0.003805899143672693,0,0,0,0,0,0,0,0,0,0,0,0,0,0,0,0,0,0,0,0,0,0,0,0,0,0,0,0,0,0,0,0,0,0,0,0,0,0,0,0
0.1346976175931582,0.06169822846670739,0.09804520464263898,0.09712889431887599,0.09071472205253513,0.0986560781918143,0.06291997556505803,0.07025045815516189,0.047648136835675016,0.023213194868662187,0.023213194868662187,0.016188149053146,0.011606597434331093,0.00885766646304215,0.00885766646304215,0.00885766646304215,0.007330482590103849,0.0036652412950519244,0.005497861942577886,0.0015271838729383018,0.0012217470983506415,0.0030543677458766036,0.003359804520464264,0.005497861942577886,0.003359804520464264,0.002748930971288943,0,3.0543677458766036e-4,6.108735491753207e-4,0,0,0.0021380574221136223,0,0,3.0543677458766036e-4,9.163103237629811e-4,0.003359804520464264,0.009773976786805132,0.01588271227855834,0.028405620036652413,0.019853390348197924,0.012828344532681736,0.005803298717165547,0,0,0,0,0,0,0,0,0,0,0,0,0,0,0,0,0,0,0,0,0,0,0,0,0,0,0,0,0,0,0,0,0,0,0,0,0,0,0
0.10599835661462613,0.07093946863872912,0.08052588331963846,0.08271706381813201,0.09175568337441797,0.09394686387291153,0.08518214187893727,0.06135305395781977,0.047110380717611616,0.05012325390304026,0.023555190358805808,0.013420980553273076,0.012873185428649686,0.011503697617091208,0.006299643933168995,0.008490824431662557,0.005477951246233908,0.0030128731854286495,0.0024650780608052587,0.004382360996987127,0.002738975623116954,0.001917282936181868,0.0010955902492467817,0.0016433853738701725,0.004108463434675432,0.0010955902492467817,0,2.738975623116954e-4,2.738975623116954e-4,5.477951246233908e-4,5.477951246233908e-4,0,5.477951246233908e-4,0.0010955902492467817,0.0016433853738701725,2.738975623116954e-4,8.216926869350862e-4,0.0030128731854286495,0.008216926869350863,0.01972062448644207,0.033415502602026845,0.032593809915091754,0.015612161051766639,0.007395234182415777,2.738975623116954e-4,0,0,0,0,0,0,0,0,0,0,0,0,0,0,0,0,0,0,0,0,0,0,0,0,0,0,0,0,0,0,0,0,0,0,0,0,0
0.10338345864661654,0.05880773361976369,0.10096670247046187,0.08324382384532761,0.09076262083780881,0.07733619763694952,0.07169709989258861,0.06525241675617616,0.055853920515574654,0.04779806659505908,0.03383458646616541,0.01799140708915145,0.020139634801288938,0.01288936627282492,0.011278195488721804,0.009398496240601503,0.006981740064446832,0.004296455424274973,0.0053705692803437165,0.0021482277121374865,0.004027926960257788,0.00322234156820623,0.0013426423200859291,0.001611170784103115,0.0010741138560687433,0.003490870032223416,0.0013426423200859291,2.685284640171858e-4,5.370569280343716e-4,0,0,0,0,0,5.370569280343716e-4,8.055853920515575e-4,8.055853920515575e-4,0.001611170784103115,0.0013426423200859291,0.013157894736842105,0.01799140708915145,0.02121374865735768,0.02389903329752954,0.01476906552094522,0.006981740064446832,5.370569280343716e-4,0,0,0,0,0,0,0,0,0,0,0,0,0,0,0,0,0,0,0,0,0,0,0,0,0,0,0,0,0,0,0,0,0,0,0,0
0.10504662643993418,0.05512890839275919,0.10175534832693363,0.09544706527701591,0.08365331870543061,0.0721338453099287,0.07021393307734504,0.05704882062534284,0.05924300603400987,0.044432254525507406,0.0392210641799232,0.03373560065825562,0.016182117388919365,0.01782775644541964,0.009325287986834888,0.007405375754251234,0.009599561162918267,0.007953922106417993,0.0032912781130005485,0.0038398244651673065,0.0019199122325836533,0.0013713658804168952,0.0021941854086670325,0.0027427317608337905,0.0024684585847504115,0.0016456390565002743,2.7427317608337906e-4,2.7427317608337906e-4,0,0,5.485463521667581e-4,2.7427317608337906e-4,2.7427317608337906e-4,0,2.7427317608337906e-4,0,0,0,2.7427317608337906e-4,0.0016456390565002743,0.010148107515085025,0.013987931980252331,0.021393307734503566,0.02303894679100384,0.015633571036752607,0.006856829402084476,2.7427317608337906e-4,0,0,0,0,0,0,0,0,0,0,0,0,0,0,0,0,0,0,0,0,0,0,0,0,0,0,0,0,0,0,0,0,0,0,0
0.10848287112561175,0.053833605220228384,0.09094616639477977,0.09135399673735727,0.09380097879282219,0.0701468189233279,0.05587275693311582,0.05628058727569331,0.04404567699836868,0.05138662316476346,0.042822185970636216,0.03466557911908646,0.029771615008156605,0.017128874388254486,0.01264274061990212,0.01264274061990212,0.005301794453507341,0.012234910277324634,0.01101141924959217,0.004893964110929853,0.00367047308319739,0.0020391517128874386,0.0065252854812398045,8.156606851549756e-4,0.0016313213703099511,4.078303425774878e-4,0,0,0,0,0,4.078303425774878e-4,0,0,4.078303425774878e-4,0,4.078303425774878e-4,8.156606851549756e-4,0,4.078303425774878e-4,0.0020391517128874386,0.006933115823817292,0.016721044045676998,0.020799347471451877,0.017536704730831975,0.014274061990212071,0.004893964110929853,0,0,0,0,0,0,0,0,0,0,0,0,0,0,0,0,0,0,0,0,0,0,0,0,0,0,0,0,0,0,0,0,0,0,0
0.08855353075170842,0.038154897494305236,0.07801822323462415,0.08399772209567198,0.09823462414578588,0.08228929384965832,0.06662870159453303,0.050683371298405465,0.05125284738041002,0.047266514806378133,0.05210706150341686,0.034738041002277904,0.03644646924829157,0.029612756264236904,0.015375854214123007,0.010535307517084282,0.007972665148063782,0.0056947608200455585,0.007972665148063782,0.0056947608200455585,0.003701594533029613,0.003416856492027335,0.0028473804100227792,0.002277904328018223,0.0014236902050113896,0.0011389521640091116,0,2.847380410022779e-4,2.847380410022779e-4,8.542141230068337e-4,0,0,0,0,2.847380410022779e-4,0,2.847380410022779e-4,0,2.847380410022779e-4,0,0.0011389521640091116,0.002277904328018223,0.0076879271070615035,0.0193621867881549,0.02334851936218679,0.019646924829157177,0.013382687927107062,0.004840546697038725,0,0,0,0,0,0,0,0,0,0,0,0,0,0,0,0,0,0,0,0,0,0,0,0,0,0,0,0,0,0,0,0,0,0
0.10180275715800637,0.04383174266525274,0.053375751148815834,0.08448214916931777,0.07529162248144221,0.08907741251325557,0.07423117709437964,0.05726405090137858,0.048427006009190525,0.04878048780487805,0.0512548603746907,0.04029692470837752,0.0335807705903146,0.03711558854718982,0.03499469777306469,0.018027571580063628,0.010604453870625663,0.009544008483563097,0.007776599505125486,0.007423117709437964,0.008483563096500531,0.003534817956875221,0.003534817956875221,0.0021208907741251328,0.003888299752562743,0.002827854365500177,7.069635913750442e-4,7.069635913750442e-4,0,0,0.0014139271827500884,0,0,0,0,0,0,0,0,0,0,0.0014139271827500884,0,0.003181336161187699,0.005302226935312832,0.013078826440438318,0.011311417462000707,0.008483563096500531,0.002827854365500177,0,0,0,0,0,0,0,0,0,0,0,0,0,0,0,0,0,0,0,0,0,0,0,0,0,0,0,0,0,0,0,0,0
0.07596594629993451,0.03339882121807466,0.0481335952848723,0.05795677799607073,0.07694826457105436,0.08742632612966601,0.07269155206286837,0.07400130975769482,0.05795677799607073,0.04911591355599214,0.045841519318926,0.0435494433529797,0.047151277013752456,0.03765553372626064,0.04453176162409954,0.025540275049115914,0.01768172888015717,0.016371971185330715,0.008840864440078585,0.006548788474132285,0.006548788474132285,0.003601833660772757,0.004256712508185986,0.0032743942370661427,0.0019646365422396855,0.0016371971185330713,0,0,0,0,0,3.274394237066143e-4,0,0,0,3.274394237066143e-4,0,3.274394237066143e-4,0,3.274394237066143e-4,0,0,0,3.274394237066143e-4,0.0032743942370661427,0.012115258677144728,0.012770137524557957,0.014407334643091027,0.004911591355599214,0.0022920759659463,0,0,0,0,0,0,0,0,0,0,0,0,0,0,0,0,0,0,0,0,0,0,0,0,0,0,0,0,0,0,0,0
0.08439086294416244,0.04060913705583756,0.041560913705583756,0.051078680203045686,0.04885786802030457,0.07455583756345177,0.06123096446700508,0.07296954314720812,0.06218274111675127,0.04854060913705584,0.05012690355329949,0.041243654822335024,0.04473350253807107,0.048223350253807105,0.041243654822335024,0.03934010152284264,0.02982233502538071,0.01300761421319797,0.009200507614213198,0.008248730964467006,0.008248730964467006,0.006979695431472081,0.007931472081218274,0.004758883248730965,9.517766497461929e-4,6.345177664974619e-4,0,3.1725888324873094e-4,0,0,0,0,0,9.517766497461929e-4,0,0,0,0,3.1725888324873094e-4,0,6.345177664974619e-4,9.517766497461929e-4,3.1725888324873094e-4,3.1725888324873094e-4,6.345177664974619e-4,0.004441624365482234,0.00983502538071066,0.014276649746192893,0.010786802030456852,0.010469543147208122,0.004758883248730965,3.1725888324873094e-4,0,0,0,0,0,0,0,0,0,0,0,0,0,0,0,0,0,0,0,0,0,0,0,0,0,0,0,0,0,0
0.06664520283322602,0.041532517707662586,0.0437862202189311,0.0463618802318094,0.05795235028976175,0.05054732775273664,0.060206052801030266,0.05763039278815196,0.07147456535737283,0.05730843528654218,0.04797166773985834,0.041532517707662586,0.04475209272376046,0.04056664520283323,0.0463618802318094,0.0412105602060528,0.03992273019961365,0.03412749517063748,0.015453960077269801,0.0128783000643915,0.008048937540244688,0.008692852543464262,0.0038634900193174502,0.0051513200257566,0.0025756600128783,0.0019317450096587251,0,9.658725048293626e-4,0,3.219575016097875e-4,3.219575016097875e-4,0,3.219575016097875e-4,0,0,0,0,0,0,0,0,0,0,0,3.219575016097875e-4,0.0025756600128783,0.0038634900193174502,0.008370895041854474,0.01159047005795235,0.0103026400515132,0.010946555054732776,9.658725048293626e-4,6.43915003219575e-4,0,0,0,0,0,0,0,0,0,0,0,0,0,0,0,0,0,0,0,0,0,0,0,0,0,0,0,0,0
0.07676056338028169,0.04154929577464789,0.05,0.044366197183098595,0.04295774647887324,0.05211267605633803,0.04542253521126761,0.053873239436619716,0.06056338028169014,0.057746478873239436,0.05070422535211268,0.05845070422535211,0.03767605633802817,0.03626760563380282,0.04612676056338028,0.041901408450704225,0.04014084507042254,0.03380281690140845,0.027464788732394368,0.019014084507042252,0.01056338028169014,0.006690140845070422,0.006690140845070422,0.007042253521126761,0.005633802816901409,0.0031690140845070424,3.5211267605633805e-4,0,0,0,3.5211267605633805e-4,0,0,0,3.5211267605633805e-4,0.001056338028169014,3.5211267605633805e-4,3.5211267605633805e-4,0,0,0,0,0,7.042253521126761e-4,3.5211267605633805e-4,0,7.042253521126761e-4,0.0028169014084507044,0.009859154929577466,0.009154929577464789,0.009154929577464789,0.007042253521126761,3.5211267605633805e-4,3.5211267605633805e-4,0,0,0,0,0,0,0,0,0,0,0,0,0,0,0,0,0,0,0,0,0,0,0,0,0,0,0,0
0.07342784442021083,0.04143947655398037,0.05670665212649945,0.05452562704471101,0.04725554343874955,0.039985459832788076,0.04034896401308615,0.04362050163576881,0.05270810614322065,0.03635041802980734,0.05488913122500909,0.06361323155216285,0.044347509996364956,0.046528535078153396,0.04725554343874955,0.04071246819338423,0.03925845147219193,0.030897855325336242,0.029080334423845874,0.023627771719374774,0.014176663031624863,0.011632133769538349,0.008360596146855689,0.003998545983278807,0.003271537622682661,0.0029080334423845873,0.0010905125408942203,0,0,0,3.635041802980734e-4,3.635041802980734e-4,0,3.635041802980734e-4,0,0,0,0,0,0,0,3.635041802980734e-4,0,0,0,0.0014540167211922936,3.635041802980734e-4,3.635041802980734e-4,0.0010905125408942203,0.0061795710650672485,0.012359142130134497,0.011268629589240277,0.008724100327153763,0.003998545983278807,7.270083605961468e-4,0,0,0,0,0,0,0,0,0,0,0,0,0,0,0,0,0,0,0,0,0,0,0,0,0,0,0
0.07040062232594321,0.034227926876701675,0.049008168028004666,0.041229093737845196,0.050952936600544535,0.046285492026448855,0.039673278879813305,0.042395954881369116,0.035394788020225595,0.038506417736289385,0.049786075457020615,0.048619214313496695,0.049008168028004666,0.040062232594321276,0.045118630882924934,0.03267211201866978,0.049397121742512644,0.03695060287825749,0.039673278879813305,0.038895371450797356,0.024504084014002333,0.019447685725398678,0.008556981719175419,0.008945935433683392,0.005834305717619603,0.004667444574095682,7.779074290159471e-4,7.779074290159471e-4,0.0011668611435239206,0,0,3.8895371450797355e-4,0,0,0,3.8895371450797355e-4,3.8895371450797355e-4,0,3.8895371450797355e-4,3.8895371450797355e-4,0,0,0,0,3.8895371450797355e-4,3.8895371450797355e-4,0,0,7.779074290159471e-4,0.0054453520031116295,0.007779074290159471,0.013613380007779074,0.010501750291715286,0.003500583430571762,0.002333722287047841,3.8895371450797355e-4,0,0,0,0,0,0,0,0,0,0,0,0,0,0,0,0,0,0,0,0,0,0,0,0,0,0
0.06583701324769169,0.037334403853873946,0.05941389000401445,0.04897631473303894,0.06142111601766359,0.03532717784022481,0.040947410678442396,0.0381372942593336,0.047771979124849456,0.02890405459654757,0.04054596547571256,0.035728623042954634,0.04817342432757928,0.06262545162585308,0.03532717784022481,0.043356081894821354,0.04415897230028101,0.03412284223203533,0.03331995182657567,0.024889602569249297,0.034524287434765155,0.018065034122842234,0.014853472501003613,0.0072260136491368926,0.0076274588518667205,0.0068245684464070654,0,8.028904054596548e-4,4.014452027298274e-4,4.014452027298274e-4,8.028904054596548e-4,4.014452027298274e-4,4.014452027298274e-4,0,4.014452027298274e-4,0,0,8.028904054596548e-4,4.014452027298274e-4,0,0,0,0,0,4.014452027298274e-4,4.014452027298274e-4,0,0,0,4.014452027298274e-4,0.003211561621838619,0.0068245684464070654,0.010036130068245684,0.009634684865515858,0.006423123243677238,0.0024086712163789645,0,0,0,0,0,0,0,0,0,0,0,0,0,0,0,0,0,0,0,0,0,0,0,0,0,0
0.05091649694501019,0.037881873727087574,0.06069246435845214,0.06272912423625254,0.05010183299389002,0.03706720977596741,0.05010183299389002,0.03340122199592668,0.02525458248472505,0.033808553971486764,0.0329938900203666,0.04032586558044807,0.043584521384928715,0.05295315682281059,0.0505091649694501,0.04684317718940937,0.03543788187372709,0.03584521384928717,0.03665987780040733,0.03543788187372709,0.02810590631364562,0.026883910386965377,0.017107942973523423,0.008146639511201629,0.013441955193482688,0.008961303462321792,4.073319755600815e-4,0.002443991853360489,4.073319755600815e-4,0,0,0,0,0,0,0,0,0,4.073319755600815e-4,0,0,0,0,0,0,0,8.14663951120163e-4,0.0012219959266802445,0.0012219959266802445,0,8.14663951120163e-4,0.002036659877800407,0.006924643584521385,0.009775967413441956,0.009368635437881873,0.005702647657841141,0.003258655804480652,0,0,0,0,0,0,0,0,0,0,0,0,0,0,0,0,0,0,0,0,0,0,0,0,0
0.05315904139433551,0.037037037037037035,0.06274509803921569,0.07015250544662309,0.06143790849673202,0.048366013071895426,0.044880174291938996,0.037037037037037035,0.038779956427015254,0.026579520697167756,0.030065359477124184,0.030501089324618737,0.0383442265795207,0.04400871459694989,0.03965141612200436,0.04400871459694989,0.037037037037037035,0.027886710239651415,0.03137254901960784,0.038779956427015254,0.02832244008714597,0.026143790849673203,0.0196078431372549,0.0196078431372549,0.014814814814814815,0.00392156862745098,0.00261437908496732,0,4.3572984749455336e-4,0,0,0,0,0,0,0,0,0,0,0,0,4.3572984749455336e-4,0,4.3572984749455336e-4,0,0,4.3572984749455336e-4,4.3572984749455336e-4,0,0,0,0.002178649237472767,0.004357298474945534,0.00522875816993464,0.010021786492374727,0.011764705882352941,0.006100217864923747,0.00130718954248366,0,0,0,0,0,0,0,0,0,0,0,0,0,0,0,0,0,0,0,0,0,0,0,0
0.030353430353430355,0.028274428274428276,0.04407484407484408,0.07234927234927235,0.06611226611226612,0.07276507276507277,0.0395010395010395,0.038253638253638256,0.028274428274428276,0.029106029106029108,0.02993762993762994,0.03908523908523909,0.03492723492723493,0.03659043659043659,0.03617463617463618,0.046153846153846156,0.04407484407484408,0.02577962577962578,0.0316008316008316,0.030353430353430355,0.03076923076923077,0.027442827442827444,0.017463617463617465,0.019542619542619544,0.019542619542619544,0.009147609147609148,0.00498960498960499,0.002494802494802495,4.158004158004158e-4,0.004158004158004158,0.0029106029106029108,0.0016632016632016633,0.0012474012474012475,0,0.0016632016632016633,0.0012474012474012475,0,0.0012474012474012475,4.158004158004158e-4,0,0,0.0016632016632016633,0,0.0012474012474012475,0,0.0012474012474012475,8.316008316008316e-4,0,8.316008316008316e-4,0,0.0016632016632016633,4.158004158004158e-4,0.0012474012474012475,0.005405405405405406,0.007484407484407485,0.007484407484407485,0.00997920997920998,0.007068607068607069,0.0029106029106029108,4.158004158004158e-4,0,0,0,0,0,0,0,0,0,0,0,0,0,0,0,0,0,0,0,0,0,0
0.023907666941467436,0.025968672712283595,0.04534212695795548,0.03709810387469085,0.04740313272877164,0.06677658697444352,0.041220115416323165,0.030915086562242376,0.028029678483099753,0.024319868095630668,0.030090684253915912,0.025556471558120363,0.038746908491343775,0.03462489694971146,0.036685902720527616,0.038746908491343775,0.048639736191261336,0.031327287716405604,0.02967848309975268,0.023083264633140973,0.03215169002473207,0.0325638911788953,0.03586150041220115,0.02514427040395713,0.01978565539983512,0.02267106347897774,0.015251442704039572,0.004534212695795548,0.004122011541632316,0.00494641384995878,0.00247320692497939,0.003709810387469085,0.002061005770816158,0.001236603462489695,0,0.00247320692497939,4.1220115416323167e-4,0.002061005770816158,0.001236603462489695,0.0016488046166529267,8.244023083264633e-4,8.244023083264633e-4,0.001236603462489695,4.1220115416323167e-4,0.001236603462489695,0,0,0,4.1220115416323167e-4,0.0028854080791426216,4.1220115416323167e-4,0.002061005770816158,0.0032976092333058533,0.00741962077493817,0.00741962077493817,0.009068425391591096,0.009068425391591096,0.015663643858202802,0.013190436933223413,0.002061005770816158,0,0,0,0,0,0,0,0,0,0,0,0,0,0,0,0,0,0,0,0,0,0
0.015454545454545455,0.010454545454545454,0.023636363636363636,0.041363636363636366,0.03409090909090909,0.056818181818181816,0.05909090909090909,0.05090909090909091,0.05136363636363636,0.04181818181818182,0.02409090909090909,0.02772727272727273,0.030454545454545453,0.04454545454545455,0.030454545454545453,0.031818181818181815,0.02772727272727273,0.03727272727272727,0.055,0.04090909090909091,0.02409090909090909,0.024545454545454544,0.02772727272727273,0.028181818181818183,0.019090909090909092,0.019545454545454546,0.01681818181818182,0.007727272727272728,0.006363636363636364,0.004090909090909091,0.0022727272727272726,0,0.0018181818181818182,4.5454545454545455e-4,0.0022727272727272726,4.5454545454545455e-4,0.0022727272727272726,0,0,0.0018181818181818182,0.0013636363636363637,9.090909090909091e-4,4.5454545454545455e-4,0.0013636363636363637,4.5454545454545455e-4,9.090909090909091e-4,9.090909090909091e-4,9.090909090909091e-4,0,9.090909090909091e-4,0,9.090909090909091e-4,9.090909090909091e-4,0.0018181818181818182,0.007272727272727273,0.006363636363636364,0.014545454545454545,0.01090909090909091,0.015,0.006818181818181818,0.0027272727272727275,0,0,0,0,0,0,0,0,0,0,0,0,0,0,0,0,0,0,0,0,0
0.015214384508990318,0.003227293683725219,0.01475334255417243,0.02074688796680498,0.028123559243891195,0.047487321346242506,0.05301982480405717,0.05255878284923928,0.04333794375288151,0.047487321346242506,0.03135085292761641,0.03411710465652374,0.02627939142461964,0.027201475334255418,0.03411710465652374,0.022591055786076533,0.04887044721069617,0.0437989857076994,0.04333794375288151,0.04472106961733518,0.030428769017980636,0.03135085292761641,0.02996772706316275,0.02950668510834486,0.02858460119870908,0.021668971876440755,0.015675426463808206,0.01705855232826187,0.006915629322268326,0.007376671277086215,0.005532503457814661,0.003227293683725219,0.0018441678192715537,0.0027662517289073307,0.003227293683725219,4.610419548178884e-4,9.220839096357768e-4,4.610419548178884e-4,0,9.220839096357768e-4,0,4.610419548178884e-4,9.220839096357768e-4,4.610419548178884e-4,4.610419548178884e-4,0.0013831258644536654,0,0,9.220839096357768e-4,0,0,4.610419548178884e-4,0.0013831258644536654,9.220839096357768e-4,0.003227293683725219,0.0027662517289073307,0.01429230059935454,0.010603964960811434,0.01475334255417243,0.00875979714153988,0.01429230059935454,0.003227293683725219,4.610419548178884e-4,0,0,0,0,0,0,0,0,0,0,0,0,0,0,0,0,0,0,0
0.011052378664103796,0.004324843825084094,0.009610764055742432,0.016818837097549257,0.035559827006247,0.03315713599231139,0.04276790004805382,0.04084574723690534,0.05430081691494474,0.035079288803459875,0.026429601153291685,0.03267659778952427,0.04469005285920231,0.026429601153291685,0.03315713599231139,0.03315713599231139,0.025949062950504566,0.02739067755886593,0.03652090341182124,0.04517059106198943,0.037962518020182606,0.03700144161460836,0.03267659778952427,0.0245074483421432,0.035079288803459875,0.03315713599231139,0.024987986544930323,0.020182604517059107,0.028832292167227293,0.012013455069678039,0.006727534839019702,0.0038443056222969728,0.005766458433445459,0.004324843825084094,0.0028832292167227293,0.005285920230658337,0.0014416146083613647,4.805382027871216e-4,0.0028832292167227293,0.0014416146083613647,4.805382027871216e-4,4.805382027871216e-4,0,0.0014416146083613647,0,0.0014416146083613647,0.0014416146083613647,4.805382027871216e-4,9.610764055742432e-4,9.610764055742432e-4,0,0.0014416146083613647,9.610764055742432e-4,0.0014416146083613647,9.610764055742432e-4,4.805382027871216e-4,0.004805382027871216,0.005766458433445459,0.010091302258529554,0.012493993272465162,0.010571840461316675,0.005285920230658337,0.0014416146083613647,0,0,0,0,0,0,0,0,0,0,0,0,0,0,0,0,0,0,0
0.010461538461538461,0.009230769230769232,0.009230769230769232,0.01353846153846154,0.01723076923076923,0.019076923076923078,0.039384615384615386,0.039384615384615386,0.03569230769230769,0.043076923076923075,0.04553846153846154,0.040615384615384616,0.030153846153846153,0.029538461538461538,0.04369230769230769,0.028923076923076923,0.03323076923076923,0.024,0.035076923076923075,0.04123076923076923,0.035076923076923075,0.056615384615384616,0.02707692307692308,0.02707692307692308,0.032,0.028307692307692308,0.020307692307692308,0.011076923076923076,0.024,0.015384615384615385,0.008,0.006153846153846154,0.003076923076923077,0.0012307692307692308,0.0024615384615384616,0.004923076923076923,6.153846153846154e-4,0.003076923076923077,0.0012307692307692308,6.153846153846154e-4,0.0024615384615384616,0.0012307692307692308,0.0018461538461538461,0.0018461538461538461,0,0.0024615384615384616,0,6.153846153846154e-4,0.0012307692307692308,6.153846153846154e-4,0,0,6.153846153846154e-4,0.0018461538461538461,0.003076923076923077,0.0036923076923076922,0.0018461538461538461,0.008,0.0073846153846153844,0.018461538461538463,0.014769230769230769,0.017846153846153845,0.008615384615384615,0.004923076923076923,0,0,0,0,0,0,0,0,0,0,0,0,0,0,0,0,0,0
0.0020887728459530026,0.0026109660574412533,0.005221932114882507,0.012010443864229765,0.009399477806788513,0.018798955613577025,0.015665796344647518,0.02454308093994778,0.04177545691906005,0.04751958224543081,0.050130548302872065,0.03759791122715405,0.045953002610966055,0.03603133159268929,0.030287206266318537,0.03237597911227154,0.03342036553524804,0.030287206266318537,0.033942558746736295,0.033942558746736295,0.044386422976501305,0.038642297650130546,0.042819843342036555,0.03080939947780679,0.03342036553524804,0.030287206266318537,0.025065274151436032,0.020887728459530026,0.026631853785900782,0.01723237597911227,0.017754569190600523,0.010443864229765013,0.009921671018276762,0.004177545691906005,0.005221932114882507,0.005221932114882507,0.0026109660574412533,0.0010443864229765013,0.0036553524804177544,0.0020887728459530026,0,5.221932114882506e-4,5.221932114882506e-4,0.0020887728459530026,0.003133159268929504,5.221932114882506e-4,0,0.0020887728459530026,0.0010443864229765013,0,0,0,0,0.0010443864229765013,0.001566579634464752,0.0020887728459530026,0.001566579634464752,0.0036553524804177544,0.004699738903394256,0.007832898172323759,0.012010443864229765,0.012532637075718016,0.014621409921671017,0.007832898172323759,0.004699738903394256,0,0,0,0,0,0,0,0,0,0,0,0,0,0,0,0,0
0.007075471698113208,0.0047169811320754715,0.001768867924528302,0.007075471698113208,0.012971698113207548,0.01061320754716981,0.013561320754716982,0.017099056603773585,0.02653301886792453,0.03419811320754717,0.04245283018867924,0.038325471698113206,0.04658018867924528,0.03537735849056604,0.03537735849056604,0.038325471698113206,0.03714622641509434,0.030660377358490566,0.04068396226415094,0.027712264150943397,0.03891509433962264,0.0330188679245283,0.04186320754716981,0.03537735849056604,0.0347877358490566,0.024764150943396228,0.02240566037735849,0.025943396226415096,0.03242924528301887,0.03537735849056604,0.028891509433962265,0.015919811320754717,0.009433962264150943,0.005306603773584905,0.007075471698113208,0.0047169811320754715,0.003537735849056604,0.00294811320754717,0.001768867924528302,0.004127358490566038,0.0023584905660377358,0,0.001768867924528302,5.896226415094339e-4,0.0011792452830188679,0,0.0011792452830188679,0,5.896226415094339e-4,0,0,5.896226415094339e-4,0.0011792452830188679,0,0,0,0.0047169811320754715,0.0011792452830188679,0.001768867924528302,0.0023584905660377358,0.012382075471698114,0.009433962264150943,0.013561320754716982,0.013561320754716982,0.009433962264150943,0.005306603773584905,0,0,0,0,0,0,0,0,0,0,0,0,0,0,0,0
0.006369426751592357,0.006369426751592357,0.003821656050955414,0.003821656050955414,0.003821656050955414,0.009554140127388535,0.007643312101910828,0.008280254777070064,0.014012738853503185,0.028662420382165606,0.02802547770700637,0.04394904458598726,0.049681528662420385,0.045859872611464965,0.04331210191082802,0.044585987261146494,0.0375796178343949,0.028662420382165606,0.0267515923566879,0.03694267515923567,0.029936305732484077,0.03375796178343949,0.04394904458598726,0.044585987261146494,0.03821656050955414,0.04203821656050955,0.0464968152866242,0.017834394904458598,0.025477707006369428,0.029936305732484077,0.02165605095541401,0.02038216560509554,0.012738853503184714,0.006369426751592357,0.005095541401273885,0.0044585987261146496,0.0044585987261146496,0.001910828025477707,0.0012738853503184713,0.0012738853503184713,6.369426751592356e-4,6.369426751592356e-4,0.003821656050955414,0.0012738853503184713,0,6.369426751592356e-4,6.369426751592356e-4,0,6.369426751592356e-4,0,0.001910828025477707,0,6.369426751592356e-4,6.369426751592356e-4,6.369426751592356e-4,6.369426751592356e-4,0.0012738853503184713,0.0031847133757961785,6.369426751592356e-4,0.0031847133757961785,0.0044585987261146496,0.007643312101910828,0.009554140127388535,0.016560509554140127,0.007643312101910828,0.019745222929936305,0.003821656050955414,0,0,0,0,0,0,0,0,0,0,0,0,0,0,0
0.010114632501685773,0.004720161834120027,0.0033715441672285905,6.743088334457181e-4,0.0033715441672285905,0.011463250168577209,0.008766014834794335,0.014834794335805798,0.014160485502360081,0.016857720836142953,0.028320971004720162,0.03506405933917734,0.03236682400539447,0.0667565745111261,0.05124747134187458,0.03573836817262306,0.02899527983816588,0.041132838840188805,0.022926500337154418,0.029669588671611596,0.029669588671611596,0.024949426837491573,0.03843560350640594,0.03438975050573163,0.037086985839514496,0.04383007417397168,0.026972353337828724,0.02562373567093729,0.02899527983816588,0.03169251517194875,0.028320971004720162,0.024949426837491573,0.01753202966958867,0.020229265003371546,0.010114632501685773,0.007417397167902899,0.007417397167902899,0.006743088334457181,0.006068779501011463,0.0026972353337828725,0.0020229265003371545,0.0033715441672285905,0.0026972353337828725,0,0.0020229265003371545,0,0.0026972353337828725,0.0020229265003371545,0,0,0.0026972353337828725,6.743088334457181e-4,6.743088334457181e-4,0,0,0,0.0026972353337828725,6.743088334457181e-4,0.0013486176668914363,6.743088334457181e-4,0.0013486176668914363,0.008766014834794335,0.007417397167902899,0.009440323668240054,0.012137559002022926,0.01078894133513149,0.008766014834794335,0.0033715441672285905,0,0,0,0,0,0,0,0,0,0,0,0,0,0
0.014669926650366748,0.0057049714751426246,0.004074979625101874,0.004074979625101874,0.0024449877750611247,0.006519967400162999,0.0057049714751426246,0.0057049714751426246,0.004074979625101874,0.010594947025264874,0.018744906275468622,0.017929910350448247,0.03015484922575387,0.05378973105134474,0.04482477587612062,0.03830480847595762,0.04971475142624287,0.034229828850855744,0.03667481662591687,0.03830480847595762,0.02852485737571312,0.027709861450692746,0.03504482477587612,0.027709861450692746,0.04726976365118175,0.030969845150774247,0.06275468622656886,0.029339853300733496,0.02526487367563162,0.032599837000814993,0.027709861450692746,0.034229828850855744,0.014669926650366748,0.012224938875305624,0.017929910350448247,0.016299918500407497,0.006519967400162999,0.008964955175224124,0.0024449877750611247,0.0032599837000814994,0.0057049714751426246,0,8.149959250203749e-4,8.149959250203749e-4,0,8.149959250203749e-4,0,0,0,8.149959250203749e-4,0,0,0,0.0016299918500407497,0,8.149959250203749e-4,0,0,0.0032599837000814994,8.149959250203749e-4,8.149959250203749e-4,8.149959250203749e-4,0.004074979625101874,0.006519967400162999,0.004889975550122249,0.009779951100244499,0.013854930725346373,0.019559902200488997,0.006519967400162999,0,0,0,0,0,0,0,0,0,0,0,0,0
0.011349306431273645,0.0012610340479192938,0.005674653215636823,0.0012610340479192938,0.0025220680958385876,0.0031525851197982345,0.0037831021437578815,6.305170239596469e-4,0.01008827238335435,0.00819672131147541,0.013240857503152586,0.018915510718789406,0.02648171500630517,0.048549810844892814,0.03720050441361917,0.058007566204287514,0.05422446406052964,0.044136191677175286,0.029634300126103404,0.019546027742749054,0.03215636822194199,0.02837326607818411,0.025851197982345524,0.0201765447667087,0.035939470365699874,0.03215636822194199,0.04539722572509458,0.040983606557377046,0.025851197982345524,0.02837326607818411,0.035939470365699874,0.025851197982345524,0.029634300126103404,0.019546027742749054,0.02459016393442623,0.017023959646910468,0.007566204287515763,0.008827238335435058,0.007566204287515763,0.004413619167717529,0.004413619167717529,0.0069356872635561164,0.006305170239596469,0.005674653215636823,0.0031525851197982345,0.0031525851197982345,0,0,6.305170239596469e-4,0.0031525851197982345,6.305170239596469e-4,0,6.305170239596469e-4,6.305170239596469e-4,0,6.305170239596469e-4,6.305170239596469e-4,0,0,0.004413619167717529,0.0025220680958385876,0.0025220680958385876,0.0012610340479192938,0.005674653215636823,0.008827238335435058,0.012610340479192938,0.011349306431273645,0.011349306431273645,0.004413619167717529,0.004413619167717529,0,0,0,0,0,0,0,0,0,0,0,0
0.025215252152521524,0.008610086100861008,0.006150061500615006,0.0018450184501845018,0.0024600246002460025,0.005535055350553505,6.150061500615006e-4,0.003075030750307503,0.0036900369003690036,0.007995079950799507,0.01107011070110701,0.014760147601476014,0.01783517835178352,0.026445264452644526,0.03505535055350553,0.04797047970479705,0.05719557195571956,0.046125461254612546,0.04797047970479705,0.025215252152521524,0.03075030750307503,0.033825338253382534,0.02214022140221402,0.027675276752767528,0.025215252152521524,0.033210332103321034,0.03075030750307503,0.028290282902829027,0.03874538745387454,0.03505535055350553,0.03013530135301353,0.033210332103321034,0.026445264452644526,0.022755227552275523,0.026445264452644526,0.028290282902829027,0.01968019680196802,0.012915129151291513,0.004305043050430504,0.0024600246002460025,0.005535055350553505,0.0036900369003690036,0.004305043050430504,0.003075030750307503,0.0036900369003690036,0.003075030750307503,0.0018450184501845018,0,0,6.150061500615006e-4,6.150061500615006e-4,6.150061500615006e-4,6.150061500615006e-4,0.0012300123001230013,0.0012300123001230013,6.150061500615006e-4,0,0,0,6.150061500615006e-4,0,0.0018450184501845018,6.150061500615006e-4,0.0018450184501845018,0.0036900369003690036,0.004920049200492005,0.010455104551045511,0.015375153751537515,0.00922509225092251,0.007995079950799507,0.0036900369003690036,0.0018450184501845018,0,0,0,0,0,0,0,0,0,0
0.0240831964969896,0.010399562123700055,0.009304871373836891,0.008210180623973728,0.0016420361247947454,0.006568144499178982,0.0021893814997263274,0.002736726874657909,5.473453749315818e-4,0.003284072249589491,0.00875752599890531,0.008210180623973728,0.0120415982484948,0.013683634373289545,0.018609742747673783,0.03065134099616858,0.04324028461959496,0.037219485495347565,0.0481663929939792,0.031746031746031744,0.04433497536945813,0.033388067870826495,0.02353585112205802,0.022441160372194856,0.03667214012041598,0.029009304871373837,0.04050355774493705,0.031746031746031744,0.039956212370005476,0.026272577996715927,0.02736726874657909,0.031746031746031744,0.031198686371100164,0.034482758620689655,0.031198686371100164,0.028461959496442254,0.03065134099616858,0.0180623973727422,0.011494252873563218,0.004378762999452655,0.002736726874657909,0.0060207991242474,0.002736726874657909,0.003284072249589491,0.002736726874657909,5.473453749315818e-4,0.0016420361247947454,0.0016420361247947454,0.0021893814997263274,5.473453749315818e-4,0.0021893814997263274,0.0010946907498631637,0,0.0016420361247947454,0.0010946907498631637,0.0016420361247947454,0,0,0,0.002736726874657909,0,0,5.473453749315818e-4,0.0010946907498631637,5.473453749315818e-4,0.0021893814997263274,0.011494252873563218,0.007662835249042145,0.013683634373289545,0.014230979748221127,0.011494252873563218,0.003284072249589491,0.0010946907498631637,0,0,0,0,0,0,0,0,0
0.024264326277749097,0.0123902942694889,0.0123902942694889,0.005162622612287042,0.006711409395973154,0.003097573567372225,0.0015487867836861124,0.004130098089829634,5.162622612287042e-4,0.002065049044914817,0.005162622612287042,0.004130098089829634,0.005162622612287042,0.011874032008260196,0.015487867836861126,0.03200826019617966,0.04078471863706763,0.042333505420753745,0.048528652555498195,0.055240061951471346,0.04697986577181208,0.03200826019617966,0.030975735673722252,0.02942694889003614,0.01961796592669076,0.027361899845121322,0.02632937532266391,0.0247805885389778,0.026845637583892617,0.03871966959215281,0.035105833763551884,0.02632937532266391,0.03149199793495096,0.028910686628807435,0.030975735673722252,0.028910686628807435,0.023748064016520392,0.023231801755291687,0.019101703665462055,0.00980898296334538,0.010325245224574084,0.00619514713474445,0.0010325245224574084,0.005162622612287042,0.005678884873515746,0.002581311306143521,0.002065049044914817,0.0015487867836861124,0,5.162622612287042e-4,5.162622612287042e-4,5.162622612287042e-4,0.002581311306143521,0.0010325245224574084,0.003097573567372225,0.0015487867836861124,0,0.0015487867836861124,0,0,0.0010325245224574084,0,0,0,0,0.0015487867836861124,0.003097573567372225,0.004646360351058337,0.007227671657201859,0.017552916881775942,0.011357769747031492,0.00980898296334538,0.0036138358286009293,5.162622612287042e-4,0,0,0,0,0,0,0,0
0.03026070763500931,0.01675977653631285,0.020484171322160148,0.0186219739292365,0.004655493482309125,0.0032588454376163874,0.004655493482309125,0.0023277467411545625,0.002793296089385475,9.31098696461825e-4,0.0032588454376163874,0.0032588454376163874,0.0074487895716946,0.00931098696461825,0.017690875232774673,0.019087523277467412,0.0223463687150838,0.0223463687150838,0.04981378026070764,0.05819366852886406,0.03677839851024209,0.03677839851024209,0.03165735567970205,0.025139664804469275,0.01722532588454376,0.02094972067039106,0.029329608938547486,0.0297951582867784,0.0335195530726257,0.025605214152700187,0.040502793296089384,0.03445065176908752,0.033054003724394786,0.023743016759776536,0.020484171322160148,0.027467411545623835,0.04003724394785847,0.027001862197392923,0.012569832402234637,0.019553072625698324,0.008379888268156424,0.009776536312849162,0.006517690875232775,0.0032588454376163874,0.004189944134078212,0.004655493482309125,0.0013966480446927375,0.0023277467411545625,0.0013966480446927375,0.0023277467411545625,0,0,9.31098696461825e-4,9.31098696461825e-4,9.31098696461825e-4,9.31098696461825e-4,4.655493482309125e-4,4.655493482309125e-4,9.31098696461825e-4,0.0013966480446927375,0,4.655493482309125e-4,9.31098696461825e-4,4.655493482309125e-4,4.655493482309125e-4,9.31098696461825e-4,0.0023277467411545625,9.31098696461825e-4,0.008379888268156424,0.014432029795158287,0.013966480446927373,0.014432029795158287,0.006983240223463687,4.655493482309125e-4,4.655493482309125e-4,0,0,0,0,0,0,0
0.0388809862494073,0.01469890943575154,0.01991465149359886,0.013276434329065908,0.010905642484589853,0.007112375533428165,0.003793266951161688,0.00474158368895211,0.005215742057847321,0.004267425320056899,0.003319108582266477,0.003319108582266477,0.006164058795637743,0.005689900426742532,0.004267425320056899,0.007112375533428165,0.01469890943575154,0.023233760075865337,0.031294452347083924,0.041251778093883355,0.036510194404931244,0.0388809862494073,0.030346135609293504,0.024656235182550973,0.022285443338074917,0.025130393551446185,0.032716927453769556,0.031294452347083924,0.029871977240398292,0.03176861071597914,0.034613560929350404,0.03319108582266477,0.0388809862494073,0.03698435277382646,0.02418207681365576,0.026078710289236605,0.03556187766714083,0.028923660502607872,0.029871977240398292,0.018018018018018018,0.01469890943575154,0.009009009009009009,0.005215742057847321,0.008060692271218587,0.006164058795637743,0.003793266951161688,0.006638217164532954,0.001896633475580844,0.002844950213371266,9.48316737790422e-4,0,0,0.001422475106685633,0,0.001422475106685633,0,0,9.48316737790422e-4,0,0,0,4.74158368895211e-4,9.48316737790422e-4,0,0.001896633475580844,4.74158368895211e-4,9.48316737790422e-4,0,0.002844950213371266,0.004267425320056899,0.009009009009009009,0.018018018018018018,0.011379800853485065,0.013276434329065908,4.74158368895211e-4,0,0,0,0,0,0,0
0.03667595171773445,0.02321262766945218,0.022284122562674095,0.025069637883008356,0.014391829155060354,0.01021355617455896,0.01021355617455896,0.002785515320334262,0.003714020427112349,0.004178272980501393,0.001392757660167131,0.004178272980501393,0.001392757660167131,4.6425255338904364e-4,0.0032497678737233053,0.012070566388115135,0.013463324048282266,0.016248839368616527,0.02135561745589601,0.03806870937790158,0.036211699164345405,0.04317548746518106,0.04178272980501393,0.032961931290622096,0.027390900649953576,0.02274837511606314,0.02042711234911792,0.017177344475394613,0.025069637883008356,0.025998142989786442,0.022284122562674095,0.028319405756731662,0.039925719591457756,0.032497678737233054,0.0255338904363974,0.022284122562674095,0.028319405756731662,0.030176415970287838,0.028783658310120707,0.020891364902506964,0.027390900649953576,0.019962859795728878,0.013463324048282266,0.008356545961002786,0.0060352831940575676,0.003714020427112349,0.0032497678737233053,0.009285051067780872,0.0018570102135561746,9.285051067780873e-4,9.285051067780873e-4,9.285051067780873e-4,0,0,9.285051067780873e-4,0,9.285051067780873e-4,0.001392757660167131,9.285051067780873e-4,0.0018570102135561746,9.285051067780873e-4,0,0.001392757660167131,0,0,0,4.6425255338904364e-4,0.002321262766945218,0.0032497678737233053,0.002785515320334262,0.003714020427112349,0.009749303621169917,0.008820798514391829,0.015784586815227482,0.008820798514391829,0.002785515320334262,4.6425255338904364e-4,0,0,0,0,0
0.041254125412541254,0.01485148514851485,0.013201320132013201,0.017051705170517052,0.0121012101210121,0.012651265126512651,0.00935093509350935,0.0044004400440044,0.0027502750275027505,0.0016501650165016502,0.0011001100110011,0.0011001100110011,0.0016501650165016502,0.0022002200220022,5.5005500550055e-4,0.0038503850385038503,0.006600660066006601,0.007700770077007701,0.017051705170517052,0.0231023102310231,0.028052805280528052,0.025302530253025302,0.03905390539053905,0.035753575357535754,0.0319031903190319,0.024752475247524754,0.0242024202420242,0.019251925192519254,0.0176017601760176,0.020902090209020903,0.0231023102310231,0.029152915291529153,0.03135313531353135,0.035753575357535754,0.0319031903190319,0.024752475247524754,0.032453245324532455,0.032453245324532455,0.03905390539053905,0.023652365236523653,0.0231023102310231,0.02145214521452145,0.022552255225522552,0.007700770077007701,0.00825082508250825,0.007700770077007701,0.005500550055005501,0.0038503850385038503,0.0033003300330033004,0.00605060506050605,0.0033003300330033004,0.0022002200220022,0.006600660066006601,0.0016501650165016502,0.0016501650165016502,5.5005500550055e-4,0.0016501650165016502,0.0016501650165016502,0.0011001100110011,5.5005500550055e-4,0.0011001100110011,5.5005500550055e-4,5.5005500550055e-4,0.0011001100110011,0,0,0.0022002200220022,0.0022002200220022,5.5005500550055e-4,0.0016501650165016502,0.007700770077007701,0.011001100110011002,0.0187018701870187,0.0187018701870187,0.017051705170517052,0.01485148514851485,0.00605060506050605,0.0011001100110011,0,0,0,0
0.03783102143757881,0.00819672131147541,0.006305170239596469,0.01008827238335435,0.009457755359394703,0.0037831021437578815,0.005674653215636823,0.0037831021437578815,0.0031525851197982345,6.305170239596469e-4,0,6.305170239596469e-4,6.305170239596469e-4,6.305170239596469e-4,0.0012610340479192938,0,0.0031525851197982345,0.005674653215636823,0.0069356872635561164,0.01197982345523329,0.022068095838587643,0.012610340479192938,0.02395964691046658,0.03656998738965952,0.02459016393442623,0.022068095838587643,0.017023959646910468,0.019546027742749054,0.013240857503152586,0.021437578814627996,0.021437578814627996,0.018915510718789406,0.025851197982345524,0.02648171500630517,0.03278688524590164,0.03467843631778058,0.021437578814627996,0.02648171500630517,0.031525851197982346,0.0308953341740227,0.03656998738965952,0.0201765447667087,0.03656998738965952,0.02648171500630517,0.010718789407313998,0.0069356872635561164,0.0037831021437578815,0.010718789407313998,0.006305170239596469,0.0018915510718789407,0.005674653215636823,0.005044136191677175,0.0018915510718789407,6.305170239596469e-4,6.305170239596469e-4,0.0018915510718789407,0.0012610340479192938,0.0012610340479192938,6.305170239596469e-4,0.0025220680958385876,0.0037831021437578815,0.0018915510718789407,0,0.0018915510718789407,6.305170239596469e-4,0.0018915510718789407,0.0037831021437578815,0.0018915510718789407,0.005674653215636823,0.005674653215636823,0.013240857503152586,0.014501891551071878,0.02459016393442623,0.02395964691046658,0.03783102143757881,0.0308953341740227,0.0308953341740227,0.011349306431273645,6.305170239596469e-4,0,0,0
0.03418803418803419,0.01558572146807441,0.015082956259426848,0.020613373554550025,0.015082956259426848,0.01256913021618904,0.016591251885369532,0.008547008547008548,0.002513826043237808,0.002513826043237808,0.003519356460532931,5.027652086475615e-4,0.0015082956259426848,0.003519356460532931,0.0015082956259426848,0.001005530417295123,0.001005530417295123,0.0030165912518853697,0.005027652086475616,0.007038712921065862,0.006033182503770739,0.01809954751131222,0.01860231271995978,0.024635495223730517,0.024132730015082957,0.019105077928607342,0.024635495223730517,0.017596782302664656,0.014580191050779286,0.010055304172951232,0.017596782302664656,0.020613373554550025,0.01558572146807441,0.02262443438914027,0.027652086475615886,0.04072398190045249,0.032679738562091505,0.038712921065862244,0.03619909502262444,0.02865761689291101,0.02262443438914027,0.027149321266968326,0.02513826043237808,0.024635495223730517,0.023629964806435394,0.01558572146807441,0.006535947712418301,0.00904977375565611,0.00904977375565611,0.006535947712418301,0.007038712921065862,0.004524886877828055,0.006033182503770739,5.027652086475615e-4,0.0030165912518853697,0.0015082956259426848,5.027652086475615e-4,0.002011060834590246,0.002513826043237808,0.002011060834590246,0.005027652086475616,0.004524886877828055,0.001005530417295123,0.0030165912518853697,0.002513826043237808,0,0.0015082956259426848,0.003519356460532931,0.002513826043237808,0.005530417295123178,0.004022121669180492,0.005530417295123178,0.00904977375565611,0.015082956259426848,0.024635495223730517,0.032679738562091505,0.03217697335344394,0.013071895424836602,0.004022121669180492,0.0015082956259426848,0,0
0.03735632183908046,0.008620689655172414,0.017241379310344827,0.028735632183908046,0.04597701149425287,0.040229885057471264,0.040229885057471264,0.014367816091954023,0.008620689655172414,0,0,0.0028735632183908046,0.0028735632183908046,0.005747126436781609,0.0028735632183908046,0.011494252873563218,0.0028735632183908046,0.008620689655172414,0.005747126436781609,0.008620689655172414,0.014367816091954023,0.014367816091954023,0.020114942528735632,0.02586206896551724,0.040229885057471264,0.034482758620689655,0.020114942528735632,0.008620689655172414,0.0028735632183908046,0.017241379310344827,0.008620689655172414,0.02586206896551724,0.040229885057471264,0.02586206896551724,0.022988505747126436,0.03735632183908046,0.034482758620689655,0.022988505747126436,0.008620689655172414,0.020114942528735632,0.017241379310344827,0.04885057471264368,0.020114942528735632,0.017241379310344827,0.03735632183908046,0.0028735632183908046,0.0028735632183908046,0.005747126436781609,0.0028735632183908046,0.0028735632183908046,0,0.005747126436781609,0.005747126436781609,0.005747126436781609,0,0,0,0,0,0,0,0.005747126436781609,0.005747126436781609,0,0,0,0,0,0.0028735632183908046,0,0.005747126436781609,0.005747126436781609,0.005747126436781609,0.0028735632183908046,0.011494252873563218,0.011494252873563218,0.017241379310344827,0.005747126436781609,0.005747126436781609,0,0,0
